PAU,PAU-probability,Type_of_waste_management,Type_of_waste_management-probability
B11,0.0,Treatment,0.39473684210526094
P01,0.0,Treatment,0.39473684210526094
P11,0.0,Treatment,0.39473684210526094
B31,0.0,Treatment,0.39473684210526094
A03,0.0,Treatment,0.39473684210526094
P61,0.0,Treatment,0.39473684210526094
F01,0.1578947368421044,Treatment,0.39473684210526094
C11,0.0,Treatment,0.39473684210526094
P09,0.0,Treatment,0.39473684210526094
C01,0.0,Treatment,0.39473684210526094
C31,0.0,Treatment,0.39473684210526094
F81,0.0,Treatment,0.39473684210526094
F11,0.0,Treatment,0.39473684210526094
R12,0.0,Recycling,0.0
F71,0.0,Treatment,0.39473684210526094
F19,0.23684210526315652,Treatment,0.39473684210526094
R11,0.0,Recycling,0.0
P12,0.0,Treatment,0.39473684210526094
A04,0.0,Treatment,0.39473684210526094
A01,0.0,Treatment,0.39473684210526094
A02,0.0,Treatment,0.39473684210526094
P21,0.0,Treatment,0.39473684210526094
P41,0.0,Treatment,0.39473684210526094
F41,0.0,Treatment,0.39473684210526094
U02,0.2663157894736827,Energy recovery,0.6052631578947334
U01,0.33894736842105067,Energy recovery,0.6052631578947334
U03,0.0,Energy recovery,0.6052631578947334
R14,0.0,Recycling,0.0
P17,0.0,Treatment,0.39473684210526094
A06,0.0,Treatment,0.39473684210526094
F51,0.0,Treatment,0.39473684210526094
