CAS NUMBER,FLOW,METHOD CODE,TRIFID,UNIT OF MEASURE,PRIMARY NAICS CODE,WASTE STREAM CODE,RANGE INFLUENT CONCENTRATION,TYPE OF MANAGEMENT,EFFICIENCY ESTIMATION,WASTE FLOW RANGE,MIDDLE WASTE FLOW,MIDDLE WASTE FLOW INTERVAL,MIDDLE WASTE FLOW INTERVAL CODE
7664382,7336.8506,C11,27260THMSB1408C,kg,336211,W,3,Treatment,100.0,"(73368505.99999999, 7336850599.999999)",3705109552.9999995,"(1000000000.0, 45812792000.0]",10
7647010,9071840.0,C11,98225GRGPC300WL,kg,322121,W,2,Treatment,100.0,"(907184000.0, 90718400000.0)",45812792000.0,"(1000000000.0, 45812792000.0]",10
7664382,9906.44928,C11,54301PCKRL1330L,kg,311611,W,3,Treatment,100.0,"(99064492.80000001, 9906449280.0)",5002756886.4,"(1000000000.0, 45812792000.0]",10
108883,26308.336,F99,45042MMPCK1701R,kg,323111,A,2,Treatment,95.2,"(2763480.6722689075, 276348067.22689074)",139555773.94957983,"(74989420.933, 177827941.004]",7
108883,3674.0952,R11,43351MLLSC11500,kg,327390,L,1,Recycling,92.0455,"(3991.607628835739, 399160.7628835739)",201576.1852562048,"(181418.567, 1000000.0]",1
67641,5070.704968,R11,32703MRNMF185EA,kg,326121,L,1,Recycling,35.4844,"(14289.955495936241, 1428995.5495936242)",721642.7525447803,"(181418.567, 1000000.0]",1
108883,22226.008,R11,45042MMPCK1701R,kg,323111,L,1,Recycling,94.2308,"(23586.776298195495, 2358677.6298195496)",1191132.2030588726,"(1000000.0, 2371373.706]",2
