CAS NUMBER,FLOW,METHOD CODE,TRIFID,UNIT OF MEASURE,PRIMARY NAICS CODE,WASTE STREAM CODE,RANGE INFLUENT CONCENTRATION,TYPE OF MANAGEMENT,EFFICIENCY ESTIMATION,WASTE FLOW RANGE,MIDDLE WASTE FLOW,MIDDLE WASTE FLOW INTERVAL,MIDDLE WASTE FLOW INTERVAL CODE
7664382,9906.44928,C11,54301PCKRL1330L,kg,311611,W,3,Treatment,100.0,"(99064492.80000001, 9906449280.0)",5002756886.4,"(4216965034.286, 5623413251.903]",7
7664382,4911.494176,C11,27260THMSB1408C,kg,336211,W,3,Treatment,100.0,"(49114941.760000005, 4911494176.0)",2480304558.88,"(2371373705.662, 3162277660.168]",5
7647010,7711064.0,C11,98225GRGPC300WL,kg,322121,W,2,Treatment,100.0,"(771106400.0, 77110640000.0)",38940873200.0,"(10000000000.0, 38940873200.0]",10
